Player,Pos,Squad,90s,Crs,Int,TklW,PlayerID,Crs_per90,Int_per90,TklW_per90
Brenden Aaronson,MFFW,Leeds United,27.2,37,17,27,5bc43860,1.3602941176470589,0.625,0.9926470588235294
Joshua Acheampong,DF,Chelsea,7.4,1,12,8,b7e62e1d,0.13513513513513511,1.6216216216216215,1.081081081081081
Tyler Adams,MF,Bournemouth,19.7,3,30,24,2b09d998,0.15228426395939088,1.5228426395939088,1.218274111675127
Tosin Adarabioyo,DF,Chelsea,8.8,0,9,6,c81d773d,0.0,1.0227272727272727,0.6818181818181818
Simon Adingra,MFFW,Sunderland,7.3,27,2,8,4dcec659,3.6986301369863015,0.273972602739726,1.095890410958904
Amine Adli,MF,Bournemouth,12.2,39,6,17,dcfb17f4,3.19672131147541,0.49180327868852464,1.3934426229508197
Emmanuel Agbadou,DF,Wolves,12.2,13,14,21,75f1ed80,1.0655737704918034,1.1475409836065575,1.7213114754098362
Ola Aina,DF,Nottingham,17.6,39,26,21,246d153b,2.215909090909091,1.477272727272727,1.1931818181818181
Rayan Aït-Nouri,DF,Manchester City,10.8,22,13,21,9b398aea,2.0370370370370368,1.2037037037037037,1.9444444444444444
Kristoffer Ajer,DF,Brentford,20.1,7,15,23,a8c0acb7,0.34825870646766166,0.7462686567164178,1.144278606965174
Nathan Aké,DF,Manchester City,7.7,4,5,6,eaeca114,0.5194805194805194,0.6493506493506493,0.7792207792207793
Carlos Alcaraz,MF,Everton,7.7,6,2,9,4abac767,0.7792207792207793,0.2597402597402597,1.1688311688311688
Omar Alderete,DF,Sunderland,31.1,11,36,18,bb08bce9,0.35369774919614144,1.157556270096463,0.5787781350482315
Alisson,GK,Liverpool,26.0,0,0,0,7a2e46a8,0.0,0.0,0.0
Ethan Ampadu,MF,Leeds United,34.7,25,50,46,10b9fa99,0.7204610951008645,1.440922190201729,1.3256484149855907
Joachim Andersen,DF,Fulham,31.9,15,34,26,e34fc66d,0.4702194357366771,1.0658307210031348,0.8150470219435737
Elliot Anderson,MF,Nottingham,37.0,175,41,60,de31038e,4.72972972972973,1.1081081081081081,1.6216216216216217
André,MF,Wolves,30.7,40,25,42,ec604e2c,1.3029315960912053,0.8143322475570033,1.3680781758957654
Jaidon Anthony,MF,Burnley,30.2,80,16,21,e4238fb1,2.6490066225165565,0.5298013245033113,0.695364238410596
Alphonse Areola,GK,West Ham,20.0,0,1,0,2f965a72,0.0,0.05,0.0
Jhon Arias,FWMF,Wolves,12.5,30,7,27,86d96066,2.4,0.56,2.16
Adam Armstrong,FWMF,Wolves,12.7,5,1,4,68c720b5,0.3937007874015748,0.07874015748031496,0.31496062992125984
Harrison Armstrong,MF,Everton,5.9,3,4,10,de59e609,0.5084745762711864,0.6779661016949152,1.694915254237288
Tolu Arokodare,FW,Wolves,15.8,0,5,4,a42760bc,0.0,0.3164556962025316,0.2531645569620253
Taiwo Awoniyi,FW,Nottingham,5.5,1,1,1,e5478b87,0.18181818181818182,0.18181818181818182,0.18181818181818182
Yasin Ayari,MF,Brighton,21.4,24,26,25,f173303a,1.1214953271028039,1.2149532710280375,1.1682242990654206
Benoît Badiashile,DF,Chelsea,5.2,0,9,5,06df8256,0.0,1.7307692307692306,0.9615384615384615
Leon Bailey,MF,Aston Villa,5.1,19,4,6,3a233281,3.7254901960784315,0.7843137254901962,1.1764705882352942
Dilane Bakwa,MF,Nottingham,6.1,38,0,3,2b5a35e5,6.229508196721312,0.0,0.49180327868852464
Carlos Baleba,MF,Brighton,18.4,0,28,21,a1390d2f,0.0,1.5217391304347827,1.1413043478260871
Daniel Ballard,DF,Sunderland,23.9,1,20,17,38f300f3,0.041841004184100423,0.8368200836820084,0.7112970711297072
Ross Barkley,MF,Aston Villa,9.5,0,2,11,3a24769f,0.0,0.21052631578947367,1.1578947368421053
Harvey Barnes,FWMF,Newcastle,21.8,74,3,5,3ea50f67,3.3944954128440368,0.13761467889908258,0.2293577981651376
Thierno Barry,FW,Everton,21.3,4,5,4,52c3244b,0.18779342723004694,0.2347417840375587,0.18779342723004694
Calvin Bassey,DF,Fulham,28.2,14,22,32,a36524bf,0.49645390070921985,0.7801418439716312,1.1347517730496455
Altay Bayındır,GK,Manchester Utd,6.0,0,0,0,072e68ed,0.0,0.0,0.0
Jean-Ricner Bellegarde,MFFW,Wolves,13.9,25,9,15,10f0fdd3,1.7985611510791366,0.6474820143884892,1.079136690647482
Rodrigo Bentancur,MF,Tottenham,20.9,7,36,36,3b8674e6,0.3349282296650718,1.722488038277512,1.722488038277512
Sander Berge,MF,Fulham,32.3,13,26,41,d0b6129f,0.40247678018575855,0.8049535603715171,1.2693498452012384
Lucas Bergvall,MF,Tottenham,10.7,19,3,14,a109e5c8,1.7757009345794394,0.28037383177570097,1.3084112149532712
Beto,FW,Everton,17.4,2,1,5,ed5c0319,0.1149425287356322,0.0574712643678161,0.2873563218390805
Jaka Bijol,DF,Leeds United,21.0,1,22,13,6fdac234,0.047619047619047616,1.0476190476190477,0.6190476190476191
Yves Bissouma,MF,Tottenham,6.7,1,8,11,6c203af0,0.14925373134328357,1.1940298507462686,1.6417910447761193
Marco Bizot,GK,Aston Villa,6.5,0,0,0,3d214e5f,0.0,0.0,0.0
Oscar Bobb,MFFW,Manchester City,5.2,5,3,5,eed2427e,0.9615384615384615,0.5769230769230769,0.9615384615384615
Oscar Bobb,MF,Fulham,6.3,9,6,7,eed2427e,1.4285714285714286,0.9523809523809524,1.1111111111111112
Lamare Bogarde,MFDF,Aston Villa,11.7,2,4,19,bca5c4a7,0.17094017094017094,0.3418803418803419,1.623931623931624
Jayden Bogle,MFDF,Leeds United,31.0,67,30,43,ae5019e6,2.161290322580645,0.967741935483871,1.3870967741935485
Olivier Boscagli,DF,Brighton,8.9,15,16,11,403f5d20,1.6853932584269662,1.797752808988764,1.2359550561797752
Sven Botman,DF,Newcastle,20.4,2,25,14,ccce7025,0.09803921568627452,1.2254901960784315,0.6862745098039216
Jarrod Bowen,MFFW,West Ham,37.8,148,27,28,79c84d1c,3.915343915343916,0.7142857142857143,0.7407407407407408
Conor Bradley,DF,Liverpool,10.3,23,12,15,bbd67769,2.233009708737864,1.1650485436893203,1.4563106796116503
Jarrad Branthwaite,DF,Everton,7.6,3,11,6,c1949191,0.39473684210526316,1.4473684210526316,0.7894736842105263
Brian Brobbey,FW,Sunderland,21.4,2,0,2,4c184730,0.09345794392523366,0.0,0.09345794392523366
Armando Broja,FW,Burnley,9.6,3,3,3,97220da2,0.3125,0.3125,0.3125
David Brooks,MF,Bournemouth,13.4,59,4,13,dc4cae05,4.402985074626866,0.29850746268656714,0.9701492537313433
Jacob Bruun Larsen,MFFW,Burnley,11.4,42,6,3,4e204552,3.6842105263157894,0.5263157894736842,0.2631578947368421
Emi Buendía,MF,Aston Villa,19.5,10,13,27,66b76d44,0.5128205128205128,0.6666666666666666,1.3846153846153846
Hugo Bueno,MFDF,Wolves,26.3,166,33,35,bfc3b3a0,6.311787072243346,1.2547528517110267,1.3307984790874525
Santiago Bueno,DF,Wolves,28.4,6,27,30,edc98fac,0.21126760563380284,0.9507042253521127,1.0563380281690142
Dan Burn,DF,Newcastle,24.4,14,20,26,b2d31e83,0.5737704918032788,0.819672131147541,1.0655737704918034
Moisés Caicedo,MF,Chelsea,31.1,8,59,47,16264a81,0.2572347266881029,1.8971061093247588,1.5112540192926045
Tom Cairney,MF,Fulham,8.6,6,4,4,a8748947,0.6976744186046512,0.46511627906976744,0.46511627906976744
Riccardo Calafiori,DF,Arsenal,18.9,21,13,19,aded8e6f,1.1111111111111112,0.6878306878306879,1.0052910052910053
Dominic Calvert-Lewin,FW,Leeds United,30.2,9,5,4,59e6e5bf,0.2980132450331126,0.16556291390728478,0.13245033112582782
Jaydee Canvot,DF,Crystal Palace,14.8,5,12,22,3684108d,0.33783783783783783,0.8108108108108107,1.4864864864864864
Casemiro,MF,Manchester Utd,28.6,19,30,45,4d224fe8,0.6643356643356643,1.048951048951049,1.5734265734265733
Matty Cash,DF,Aston Villa,33.5,131,24,32,2389cdc2,3.91044776119403,0.7164179104477612,0.9552238805970149
Timothy Castagne,DFMF,Fulham,20.5,48,28,24,197640fd,2.341463414634146,1.3658536585365855,1.170731707317073
Valentín Castellanos,FW,West Ham,15.4,9,6,9,da76bab4,0.5844155844155844,0.38961038961038963,0.5844155844155844
Trevoh Chalobah,DF,Chelsea,30.9,5,37,22,5515376c,0.16181229773462785,1.197411003236246,0.7119741100323624
Rayan Cherki,MF,Manchester City,19.8,80,7,16,b34c63a5,4.040404040404041,0.35353535353535354,0.8080808080808081
Ryan Christie,MF,Bournemouth,11.0,17,11,20,26ce2263,1.5454545454545454,1.0,1.8181818181818181
Samuel Chukwueze,MF,Fulham,12.0,43,6,4,b8a642fc,3.5833333333333335,0.5,0.3333333333333333
Nathaniel Clyne,MFDF,Crystal Palace,6.6,15,7,9,0442183b,2.272727272727273,1.0606060606060606,1.3636363636363638
Nathan Collins,DF,Brentford,33.1,1,36,13,a8c19eb8,0.030211480362537763,1.0876132930513596,0.39274924471299094
Lewis Cook,MFDF,Bournemouth,9.7,44,21,17,2afc7272,4.536082474226805,2.1649484536082477,1.752577319587629
Marc Cucurella,DF,Chelsea,30.1,41,28,40,1daec722,1.3621262458471761,0.9302325581395349,1.3289036544850499
Jorge Cuenca,DF,Fulham,10.4,2,15,10,0abc51f2,0.1923076923076923,1.4423076923076923,0.9615384615384615
Josh Cullen,MF,Burnley,16.8,12,24,19,f6d7d690,0.7142857142857143,1.4285714285714286,1.130952380952381
Jair Cunha,DF,Nottingham,5.7,2,5,5,ac31d35e,0.3508771929824561,0.8771929824561403,0.8771929824561403
Matheus Cunha,MFFW,Manchester Utd,27.7,49,21,23,dc62b55d,1.7689530685920578,0.7581227436823105,0.8303249097472925
Diogo Dalot,DFMF,Manchester Utd,29.0,57,26,30,d9565625,1.9655172413793103,0.896551724137931,1.0344827586206897
Mikkel Damsgaard,MF,Brentford,22.8,95,24,34,215f3907,4.166666666666667,1.0526315789473684,1.4912280701754386
Kevin Danso,DF,Tottenham,16.6,7,25,13,6e33125f,0.4216867469879518,1.506024096385542,0.7831325301204819
Karl Darlow,GK,Leeds United,22.0,0,0,0,cde3309f,0.0,0.0,0.0
Maxim De Cuyper,DFMF,Brighton,15.7,77,11,10,d494882e,4.904458598726115,0.7006369426751593,0.6369426751592357
Liam Delap,FW,Chelsea,12.3,6,1,3,dd897ee7,0.4878048780487805,0.08130081300813008,0.24390243902439024
Sepp van den Berg,DF,Brentford,30.7,0,26,9,7bf9400b,0.0,0.8469055374592834,0.2931596091205212
Justin Devenny,MFFW,Crystal Palace,8.8,17,1,11,6c2b66fc,1.9318181818181817,0.11363636363636363,1.25
Kiernan Dewsbury-Hall,MF,Everton,29.2,112,14,26,5c74c0f5,3.8356164383561646,0.4794520547945206,0.8904109589041096
Bafodé Diakité,DF,Bournemouth,14.2,1,10,15,1bfb6fef,0.07042253521126761,0.7042253521126761,1.0563380281690142
Amad Diallo,MF,Manchester Utd,26.0,46,15,23,9dc96f10,1.7692307692307692,0.5769230769230769,0.8846153846153846
Habib Diarra,MF,Sunderland,15.6,32,4,7,6d0fe035,2.0512820512820515,0.25641025641025644,0.44871794871794873
Rúben Dias,DF,Manchester City,23.8,9,23,6,31c69ef1,0.37815126050420167,0.9663865546218487,0.25210084033613445
Lucas Digne,DF,Aston Villa,20.6,108,13,26,1b84dbe1,5.242718446601941,0.6310679611650485,1.262135922330097
Issa Diop,DF,Fulham,9.1,1,6,2,a712ca2b,0.10989010989010989,0.6593406593406593,0.21978021978021978
El Hadji Malick Diouf,DFMF,West Ham,30.1,109,32,19,bd5eb2e5,3.6212624584717608,1.0631229235880397,0.6312292358803986
Axel Disasi,DF,West Ham,13.9,0,12,10,ad82197c,0.0,0.8633093525179856,0.7194244604316546
Matt Doherty,DFMF,Wolves,8.7,8,7,8,d557d734,0.9195402298850576,0.8045977011494253,0.9195402298850576
Jeremy Doku,MFFW,Manchester City,19.8,62,12,16,fffea3e5,3.131313131313131,0.6060606060606061,0.8080808080808081
Nicolás Domínguez,MF,Nottingham,13.1,14,6,30,20b3a502,1.0687022900763359,0.4580152671755725,2.290076335877863
Gianluigi Donnarumma,GK,Manchester City,34.0,0,1,0,08f5afaa,0.0,0.029411764705882353,0.0
Patrick Dorgu,MF,Manchester Utd,16.1,57,16,30,e6536124,3.540372670807453,0.9937888198757763,1.8633540372670805
Radu Drăgușin,DF,Tottenham,5.7,3,16,3,620922ed,0.5263157894736842,2.807017543859649,0.5263157894736842
Martin Dúbravka,GK,Burnley,35.0,0,0,1,3a949a25,0.0,0.0,0.02857142857142857
Lewis Dunk,DF,Brighton,31.5,5,30,22,282f75f3,0.15873015873015872,0.9523809523809523,0.6984126984126984
Marcus Edwards,MFFW,Burnley,11.9,19,3,6,57760e66,1.5966386554621848,0.25210084033613445,0.5042016806722689
Hjalmar Ekdal,DF,Burnley,17.1,1,12,17,3d554589,0.05847953216374269,0.7017543859649122,0.9941520467836257
Hugo Ekitike,FW,Liverpool,20.0,7,4,7,5b92d896,0.35,0.2,0.35
Anthony Elanga,FWMF,Newcastle,14.7,83,3,11,2fba6108,5.646258503401361,0.20408163265306123,0.7482993197278912
Maxime Estève,DF,Burnley,32.6,6,37,27,1a066e69,0.18404907975460122,1.1349693251533741,0.8282208588957055
Evanilson,FW,Bournemouth,30.5,3,6,5,6f3cc2fe,0.09836065573770492,0.19672131147540983,0.16393442622950818
Eberechi Eze,MFFW,Arsenal,20.1,8,11,13,ae4fc6a4,0.3980099502487562,0.5472636815920398,0.6467661691542288
Bruno Fernandes,MF,Manchester Utd,34.0,181,21,35,507c7bdf,5.323529411764706,0.6176470588235294,1.0294117647058822
Mateus Fernandes,MF,West Ham,33.5,51,36,67,ef491564,1.5223880597014925,1.0746268656716418,2.0
Enzo Fernández,MF,Chelsea,34.6,89,20,24,5ff4ab71,2.5722543352601157,0.5780346820809248,0.6936416184971098
Zian Flemming,FW,Burnley,19.7,6,6,10,b3f36e72,0.30456852791878175,0.30456852791878175,0.5076142131979695
Phil Foden,MF,Manchester City,23.2,119,10,16,ed1e53f3,5.129310344827586,0.4310344827586207,0.6896551724137931
Wesley Fofana,DF,Chelsea,19.1,2,38,11,132a82f1,0.10471204188481674,1.9895287958115182,0.5759162303664921
Lyle Foster,FWMF,Burnley,15.2,6,4,12,f84a807c,0.39473684210526316,0.2631578947368421,0.7894736842105263
Jeremie Frimpong,DFMF,Liverpool,11.6,51,6,9,74f2e748,4.3965517241379315,0.5172413793103449,0.7758620689655172
Cody Gakpo,MFFW,Liverpool,30.4,86,12,15,1971591f,2.8289473684210527,0.39473684210526316,0.493421052631579
Conor Gallagher,MF,Tottenham,13.2,23,18,14,c2731c10,1.7424242424242424,1.3636363636363638,1.0606060606060606
Alejandro Garnacho,MF,Chelsea,14.1,61,4,13,7aa8adfe,4.326241134751773,0.28368794326241137,0.9219858156028369
James Garner,MFDF,Everton,37.9,205,57,72,4e015693,5.408970976253299,1.503957783641161,1.899736147757256
Lutsharel Geertruida,DFMF,Sunderland,18.8,9,20,22,242e1043,0.4787234042553191,1.0638297872340425,1.1702127659574468
Morgan Gibbs-White,MF,Nottingham,34.4,42,12,16,32f60ed8,1.2209302325581395,0.3488372093023256,0.46511627906976744
Jamie Gittens,MF,Chelsea,5.5,13,2,4,10745192,2.3636363636363638,0.36363636363636365,0.7272727272727273
Wilfried Gnonto,FW,Leeds United,6.0,20,3,13,75fdd638,3.3333333333333335,0.5,2.1666666666666665
Angel Gomes,MFFW,Wolves,5.1,12,1,5,645a3363,2.3529411764705883,0.19607843137254904,0.9803921568627452
João Gomes,MF,Wolves,31.4,31,36,68,8b57ad2c,0.9872611464968153,1.1464968152866242,2.1656050955414012
Rodrigo Gomes,MFFW,Wolves,10.7,24,11,18,8dcf77c0,2.2429906542056077,1.0280373831775702,1.6822429906542058
Toti Gomes,DF,Wolves,15.8,11,13,11,f0caab96,0.6962025316455696,0.8227848101265822,0.6962025316455696
Diego Gómez,MFFW,Brighton,23.6,23,19,49,916728da,0.9745762711864406,0.8050847457627118,2.0762711864406778
Joe Gomez,DF,Liverpool,6.7,16,8,7,7a11550b,2.388059701492537,1.1940298507462686,1.044776119402985
Nicolás González,MF,Manchester City,17.4,3,24,30,2c56a792,0.1724137931034483,1.3793103448275863,1.7241379310344829
Anthony Gordon,FW,Newcastle,19.9,69,3,13,2bd83368,3.4673366834170856,0.15075376884422112,0.6532663316582915
Ryan Gravenberch,MF,Liverpool,33.2,8,44,35,b8e740fb,0.24096385542168672,1.325301204819277,1.0542168674698795
Archie Gray,MFDF,Tottenham,16.4,12,17,8,f58515f5,0.7317073170731708,1.0365853658536586,0.48780487804878053
Jack Grealish,MF,Everton,18.1,39,11,15,b0b4fd3e,2.154696132596685,0.6077348066298343,0.8287292817679557
Pascal Groß,MF,Brighton,18.2,119,11,17,8aec0537,6.538461538461538,0.6043956043956045,0.9340659340659341
Brajan Gruda,MF,Brighton,8.0,14,2,5,ae9b998d,1.75,0.25,0.625
Ilia Gruev,MF,Leeds United,14.7,16,14,13,1fc4f3d1,1.08843537414966,0.9523809523809524,0.8843537414965987
Gabriel Gudmundsson,DFMF,Leeds United,29.2,88,28,47,d5d22a58,3.0136986301369864,0.9589041095890412,1.6095890410958904
Marc Guéhi,DF,Crystal Palace,20.0,10,24,19,d0706b27,0.5,1.2,0.95
Marc Guéhi,DF,Manchester City,15.0,7,25,12,d0706b27,0.4666666666666667,1.6666666666666667,0.8
Evann Guessand,MF,Aston Villa,6.5,10,3,9,b73f17f8,1.5384615384615385,0.46153846153846156,1.3846153846153846
Idrissa Gueye,MF,Everton,23.3,19,29,21,72c812f3,0.815450643776824,1.2446351931330473,0.9012875536480687
Bruno Guimarães,MF,Newcastle,27.3,82,16,41,82518f62,3.0036630036630036,0.5860805860805861,1.5018315018315018
Malo Gusto,DFMF,Chelsea,25.1,58,30,23,d56b9520,2.3107569721115535,1.195219123505976,0.9163346613545816
Joško Gvardiol,DF,Manchester City,15.2,2,16,13,5ad50391,0.13157894736842105,1.0526315789473684,0.8552631578947368
Viktor Gyökeres,FW,Arsenal,24.7,8,1,5,4d5a9185,0.32388663967611336,0.04048582995951417,0.20242914979757085
Erling Haaland,FW,Manchester City,32.8,3,4,7,1f44ac21,0.09146341463414635,0.12195121951219513,0.2134146341463415
Lewis Hall,DF,Newcastle,24.2,102,29,31,da011f18,4.214876033057851,1.1983471074380165,1.28099173553719
Quilindschy Hartman,DF,Burnley,20.3,74,32,31,39e1138f,3.645320197044335,1.5763546798029555,1.5270935960591132
Jorrel Hato,DF,Chelsea,12.8,7,17,19,bde35051,0.546875,1.328125,1.484375
Kai Havertz,FWMF,Arsenal,6.5,6,1,5,fed7cb61,0.9230769230769231,0.15384615384615385,0.7692307692307693
Ayden Heaven,DF,Manchester Utd,10.3,1,1,13,64e17fab,0.0970873786407767,0.0970873786407767,1.262135922330097
Jan Paul van Hecke,DF,Brighton,35.7,23,45,31,4fd08daa,0.6442577030812324,1.2605042016806722,0.8683473389355741
Hwang Hee-chan,FWMF,Wolves,16.1,19,12,4,169fd162,1.1801242236024843,0.7453416149068323,0.24844720496894407
Dean Henderson,GK,Crystal Palace,37.0,0,1,0,e5a76dfe,0.0,0.02702702702702703,0.0
Jordan Henderson,MF,Brentford,21.3,48,16,14,935e6b8f,2.2535211267605635,0.7511737089201878,0.6572769953051643
Rico Henry,DF,Brentford,14.8,26,7,11,8a3c1dc7,1.7567567567567566,0.47297297297297297,0.7432432432432432
Mads Hermansen,GK,West Ham,18.0,0,0,0,c924b17d,0.0,0.0,0.0
Aaron Hickey,DFMF,Brentford,7.7,4,8,7,1780bb4a,0.5194805194805194,1.0389610389610389,0.9090909090909091
James Hill,DF,Bournemouth,23.4,11,37,20,69942fb3,0.47008547008547014,1.5811965811965814,0.8547008547008548
Piero Hincapié,DF,Arsenal,19.9,33,26,26,0c7a48f8,1.6582914572864322,1.306532663316583,1.306532663316583
Jack Hinshelwood,MF,Brighton,19.3,7,6,13,e98211e7,0.3626943005181347,0.31088082901554404,0.6735751295336787
Callum Hudson-Odoi,MF,Nottingham,20.5,91,8,7,15f3ec41,4.439024390243903,0.3902439024390244,0.34146341463414637
Will Hughes,MF,Crystal Palace,17.5,45,15,16,a0666d3e,2.5714285714285716,0.8571428571428571,0.9142857142857143
Trai Hume,DFMF,Sunderland,33.7,88,25,46,4fa3a3a4,2.611275964391691,0.7418397626112759,1.3649851632047476
Bashir Humphreys,DFMF,Burnley,17.5,17,11,17,d2b32e91,0.9714285714285714,0.6285714285714286,0.9714285714285714
Omari Hutchinson,MF,Nottingham,18.8,133,11,11,bd9553e6,7.074468085106383,0.5851063829787234,0.5851063829787234
Tim Iroegbunam,MF,Everton,16.5,3,22,44,84c5ceea,0.18181818181818182,1.3333333333333333,2.6666666666666665
Alexander Isak,FW,Liverpool,7.8,2,0,6,8e92be30,0.25641025641025644,0.0,0.7692307692307693
Wilson Isidor,FW,Sunderland,12.9,0,2,8,a671316d,0.0,0.15503875968992248,0.6201550387596899
Alex Iwobi,MF,Fulham,26.9,88,15,18,6ca5ec4b,3.271375464684015,0.5576208178438662,0.6691449814126395
Daniel James,FWMF,Leeds United,6.2,50,1,5,c931d9f9,8.064516129032258,0.16129032258064516,0.8064516129032258
Reece James,DFMF,Chelsea,21.8,126,32,33,1265a93a,5.779816513761467,1.4678899082568806,1.5137614678899083
Vitaly Janelt,MF,Brentford,16.0,61,27,17,8449d35e,3.8125,1.6875,1.0625
Mathias Jensen,MF,Brentford,25.0,124,21,23,0f134faf,4.96,0.84,0.92
Igor Jesus,FW,Nottingham,25.5,10,2,16,dbe24cce,0.39215686274509803,0.0784313725490196,0.6274509803921569
Álex Jiménez,DFMF,Bournemouth,25.7,51,27,45,faa13947,1.9844357976653697,1.0505836575875487,1.7509727626459144
Raúl Jiménez,FW,Fulham,24.3,7,7,20,b561db50,0.28806584362139914,0.28806584362139914,0.823045267489712
João Pedro,FWMF,Chelsea,29.6,18,6,17,e8832875,0.6081081081081081,0.2027027027027027,0.5743243243243243
Joelinton,MF,Newcastle,21.7,11,28,23,c17bfb65,0.5069124423963134,1.2903225806451613,1.0599078341013826
Brennan Johnson,MFFW,Tottenham,6.8,23,2,9,0cd31129,3.3823529411764706,0.29411764705882354,1.3235294117647058
Brennan Johnson,MFFW,Crystal Palace,12.4,45,2,7,0cd31129,3.629032258064516,0.16129032258064516,0.564516129032258
Sam Johnstone,GK,Wolves,12.0,0,0,1,9e5708be,0.0,0.0,0.08333333333333333
Curtis Jones,MFDF,Liverpool,21.5,16,18,23,4fb9c88f,0.7441860465116279,0.8372093023255814,1.069767441860465
Eli Junior Kroupi,MFFW,Bournemouth,18.6,10,9,6,b2fe86e5,0.5376344086021505,0.48387096774193544,0.3225806451612903
James Justin,DFMF,Leeds United,21.1,38,26,38,fb614c44,1.8009478672985781,1.2322274881516586,1.8009478672985781
Ferdi Kadioglu,DFMF,Brighton,34.8,109,25,39,66c52a77,3.1321839080459775,0.7183908045977012,1.120689655172414
Daichi Kamada,MF,Crystal Palace,21.1,42,14,35,15b287da,1.990521327014218,0.6635071090047393,1.6587677725118481
Boubacar Kamara,MF,Aston Villa,15.7,2,15,16,cc77354e,0.12738853503184713,0.9554140127388535,1.019108280254777
Michael Kayode,DF,Brentford,36.2,56,39,47,e19660a8,1.5469613259668507,1.0773480662983426,1.298342541436464
Michael Keane,DF,Everton,28.8,1,37,24,c5b7c315,0.034722222222222224,1.284722222222222,0.8333333333333333
Caoimhín Kelleher,GK,Brentford,37.0,0,1,0,62d7ef38,0.0,0.02702702702702703,0.0
Milos Kerkez,DF,Liverpool,25.1,79,15,26,0ad53bdc,3.147410358565737,0.597609561752988,1.0358565737051793
Kevin,MF,Fulham,11.6,43,9,10,93508980,3.706896551724138,0.7758620689655172,0.8620689655172414
Abdukodir Khusanov,DF,Manchester City,15.9,3,29,20,d17ce930,0.18867924528301885,1.8238993710691824,1.2578616352201257
Max Kilman,DF,West Ham,17.3,2,6,8,d0f72bf1,0.11560693641618497,0.3468208092485549,0.4624277456647399
Joshua King,MF,Fulham,14.5,12,3,12,86109b3b,0.8275862068965517,0.20689655172413793,0.8275862068965517
Antonín Kinský,GK,Tottenham,7.0,0,0,0,b38ac6a4,0.0,0.0,0.0
Justin Kluivert,MF,Bournemouth,10.6,40,4,7,4c3a6744,3.7735849056603774,0.37735849056603776,0.6603773584905661
Randal Kolo Muani,FWMF,Tottenham,18.5,18,2,16,c0b3669f,0.972972972972973,0.10810810810810811,0.8648648648648649
Ibrahima Konaté,DF,Liverpool,34.3,3,28,31,5ed9b537,0.08746355685131196,0.8163265306122449,0.9037900874635569
Ezri Konsa,DF,Aston Villa,33.7,5,22,8,0313a347,0.14836795252225518,0.6528189910979227,0.2373887240356083
Ladislav Krejčí,DFMF,Wolves,26.2,17,32,21,5b5c2228,0.648854961832061,1.2213740458015268,0.8015267175572519
Mohammed Kudus,MFFW,Tottenham,17.1,122,3,17,b62878a5,7.134502923976608,0.17543859649122806,0.9941520467836257
Maxence Lacroix,DF,Crystal Palace,34.3,5,45,38,277c49ed,0.1457725947521866,1.3119533527696794,1.1078717201166182
Senne Lammens,GK,Manchester Utd,32.0,0,0,1,8e6d2fcd,0.0,0.0,0.03125
Josh Laurent,DFMF,Burnley,19.6,14,28,25,f0068e0f,0.7142857142857142,1.4285714285714284,1.2755102040816326
Enzo Le Fée,MFFW,Sunderland,32.6,98,28,56,6f806d99,3.0061349693251533,0.8588957055214723,1.7177914110429446
Bernd Leno,GK,Fulham,38.0,0,1,1,2628fd2b,0.0,0.02631578947368421,0.02631578947368421
Jefferson Lerma,MFDF,Crystal Palace,19.3,12,25,18,9b5ce51a,0.6217616580310881,1.2953367875647668,0.9326424870466321
Keane Lewis-Potter,DFMF,Brentford,21.9,69,10,14,41f08ac8,3.1506849315068495,0.4566210045662101,0.6392694063926941
Myles Lewis-Skelly,MFDF,Arsenal,7.9,0,5,5,5dff6c28,0.0,0.6329113924050632,0.6329113924050632
Matthijs de Ligt,DF,Manchester Utd,13.0,4,11,13,d6e53a3a,0.3076923076923077,0.8461538461538461,1.0
Victor Lindelöf,DFMF,Aston Villa,10.5,0,8,3,f5deef4c,0.0,0.7619047619047619,0.2857142857142857
Tino Livramento,DF,Newcastle,14.8,36,2,14,afed6722,2.4324324324324325,0.13513513513513511,0.9459459459459459
Sean Longstaff,MF,Leeds United,11.2,54,12,24,a2b105e0,4.821428571428572,1.0714285714285714,2.142857142857143
Lucas,MFDF,Burnley,15.7,56,19,22,5d68f5b2,3.56687898089172,1.2101910828025477,1.4012738853503186
Florentino Luís,MF,Burnley,23.4,11,40,49,881cd6be,0.47008547008547014,1.7094017094017095,2.094017094017094
Douglas Luiz,MF,Aston Villa,6.7,28,7,11,6f7d826d,4.17910447761194,1.044776119402985,1.6417910447761193
Saša Lukić,MF,Fulham,19.3,68,16,28,c6e8cf1f,3.523316062176166,0.8290155440414507,1.450777202072539
Ian Maatsen,DF,Aston Villa,17.8,54,18,31,cab9634e,3.033707865168539,1.0112359550561798,1.7415730337078652
Alexis Mac Allister,MF,Liverpool,29.5,20,18,27,83d074ff,0.6779661016949152,0.6101694915254238,0.9152542372881356
Noni Madueke,FWMF,Arsenal,13.5,80,5,10,bf34eebd,5.925925925925926,0.37037037037037035,0.7407407407407407
Gabriel Magalhães,DF,Arsenal,30.6,6,22,20,67ac5bb8,0.19607843137254902,0.7189542483660131,0.6535947712418301
Soungoutou Magassa,MF,West Ham,10.9,9,17,23,dfc5d4fa,0.8256880733944953,1.5596330275229358,2.110091743119266
Harry Maguire,DF,Manchester Utd,18.4,4,12,17,d8931174,0.2173913043478261,0.6521739130434783,0.923913043478261
Kobbie Mainoo,MF,Manchester Utd,18.5,13,19,20,c6220452,0.7027027027027027,1.027027027027027,1.0810810810810811
Donyell Malen,FWMF,Aston Villa,7.3,7,0,2,116c35df,0.9589041095890412,0.0,0.273972602739726
Giorgi Mamardashvili,GK,Liverpool,9.6,0,1,1,d4b73232,0.0,0.10416666666666667,0.10416666666666667
Reinildo Mandava,DF,Sunderland,21.8,23,29,23,c20bdcd7,1.055045871559633,1.3302752293577982,1.055045871559633
Mateus Mane,MF,Wolves,19.9,94,5,13,c15cb409,4.723618090452262,0.2512562814070352,0.6532663316582915
Omar Marmoush,FWMF,Manchester City,7.8,12,2,8,0e0102eb,1.5384615384615385,0.25641025641025644,1.0256410256410258
Gabriel Martinelli,FWMF,Arsenal,12.0,37,1,8,48a5a5d6,3.0833333333333335,0.08333333333333333,0.6666666666666666
Emiliano Martínez,GK,Aston Villa,31.5,0,0,0,7956236f,0.0,0.0,0.0
Lisandro Martínez,DF,Manchester Utd,13.7,2,12,11,bac46a10,0.14598540145985403,0.8759124087591241,0.8029197080291971
Pape Matar Sarr,MF,Tottenham,15.5,8,14,21,feb5d972,0.5161290322580645,0.9032258064516129,1.3548387096774193
Jean-Philippe Mateta,FW,Crystal Palace,24.6,11,6,4,50e6dc35,0.44715447154471544,0.24390243902439024,0.16260162601626016
Konstantinos Mavropanos,DF,West Ham,28.2,4,47,24,00963611,0.14184397163120568,1.6666666666666667,0.851063829787234
Eliezer Mayenda,FWMF,Sunderland,8.4,1,1,3,6a021e43,0.11904761904761904,0.11904761904761904,0.35714285714285715
Noussair Mazraoui,DFMF,Manchester Utd,10.9,13,11,15,b74277a0,1.1926605504587156,1.0091743119266054,1.3761467889908257
Bryan Mbeumo,MFFW,Manchester Utd,29.0,105,7,11,6afaebf2,3.6206896551724137,0.2413793103448276,0.3793103448275862
John McGinn,MF,Aston Villa,23.7,82,12,17,90f91999,3.459915611814346,0.5063291139240507,0.7172995780590717
Dwight McNeil,MF,Everton,13.0,40,10,16,fc15fb84,3.076923076923077,0.7692307692307693,1.2307692307692308
Hannibal Mejbri,MF,Burnley,13.7,30,7,17,ca22ccb0,2.18978102189781,0.5109489051094891,1.2408759124087592
Mikel Merino,MFFW,Arsenal,11.5,4,9,13,d080ed5e,0.34782608695652173,0.782608695652174,1.1304347826086956
Nikola Milenković,DF,Nottingham,37.5,2,29,19,bee704fc,0.05333333333333334,0.7733333333333333,0.5066666666666667
Lewis Miley,MFDF,Newcastle,16.6,42,20,18,2c6835e5,2.5301204819277108,1.2048192771084336,1.0843373493975903
James Milner,MF,Brighton,8.7,14,5,9,2f90f6b8,1.6091954022988506,0.574712643678161,1.0344827586206897
Tyrone Mings,DF,Aston Villa,14.7,4,11,2,8397a50c,0.272108843537415,0.7482993197278912,0.1360544217687075
Yankuba Minteh,MF,Brighton,26.6,159,15,37,c3cf087d,5.977443609022556,0.5639097744360902,1.3909774436090225
Tyrick Mitchell,MF,Crystal Palace,36.1,104,33,65,5cbd1eb0,2.880886426592798,0.9141274238227146,1.8005540166204985
Kaoru Mitoma,MFFW,Brighton,19.1,46,8,12,74618572,2.408376963350785,0.41884816753926696,0.6282722513089005
Morato,DF,Nottingham,14.9,2,11,18,0f41e2ee,0.1342281879194631,0.7382550335570469,1.2080536912751678
Cristhian Mosquera,DF,Arsenal,11.0,3,8,21,dc1ce4f5,0.2727272727272727,0.7272727272727273,1.9090909090909092
Yerson Mosquera,DF,Wolves,23.7,18,25,36,1e159d70,0.759493670886076,1.0548523206751055,1.518987341772152
Mason Mount,MF,Manchester Utd,11.3,22,9,13,9674002f,1.9469026548672566,0.7964601769911503,1.1504424778761062
Nordi Mukiele,DF,Sunderland,30.9,85,37,45,ac73ec79,2.750809061488673,1.197411003236246,1.4563106796116505
Marshall Munetsi,MFFW,Wolves,9.7,14,5,13,2acf0cd7,1.4432989690721651,0.5154639175257733,1.3402061855670104
Rodrigo Muniz,FW,Fulham,11.1,2,2,3,a755db8c,0.1801801801801802,0.1801801801801802,0.2702702702702703
Daniel Muñoz,MF,Crystal Palace,26.7,62,24,48,778ef829,2.3220973782771535,0.898876404494382,1.797752808988764
Murillo,DF,Nottingham,23.7,2,29,23,1704b0b8,0.08438818565400844,1.2236286919831223,0.9704641350210971
Jacob Murphy,FWMF,Newcastle,18.0,125,6,12,de112b84,6.944444444444445,0.3333333333333333,0.6666666666666666
Vitaliy Mykolenko,DF,Everton,32.9,93,27,25,30d4a2e5,2.8267477203647418,0.8206686930091186,0.7598784194528876
David Møller Wolfe,MFDF,Wolves,11.7,32,7,5,9affc5f2,2.735042735042735,0.5982905982905983,0.4273504273504274
Iliman Ndiaye,MF,Everton,30.9,55,17,40,5ed97752,1.7799352750809063,0.5501618122977346,1.2944983818770228
Dan Ndoye,MF,Nottingham,13.0,41,10,11,8e697a8f,3.1538461538461537,0.7692307692307693,0.8461538461538461
Pedro Neto,MFFW,Chelsea,29.2,184,6,11,7ba2eaa9,6.301369863013699,0.20547945205479454,0.3767123287671233
Rio Ngumoha,MF,Liverpool,6.2,22,3,2,022eca88,3.5483870967741935,0.48387096774193544,0.3225806451612903
Lukas Nmecha,FW,Leeds United,12.0,10,3,7,0cc5f4a5,0.8333333333333334,0.25,0.5833333333333334
Matheus Nunes,DF,Manchester City,31.8,67,29,41,e6af02e0,2.1069182389937104,0.9119496855345912,1.2893081761006289
Jake O'Brien,DF,Everton,34.7,49,13,32,25f2ef01,1.4121037463976944,0.37463976945244953,0.9221902017291066
Luke O'Nien,DF,Sunderland,6.3,7,6,6,8092d497,1.1111111111111112,0.9523809523809524,0.9523809523809524
Nico O'Reilly,DFMF,Manchester City,29.4,38,20,36,91ca4a16,1.2925170068027212,0.6802721088435374,1.2244897959183674
Wilson Odobert,MFFW,Tottenham,10.9,28,0,8,35516eac,2.568807339449541,0.0,0.7339449541284403
Noah Okafor,FWMF,Leeds United,17.3,36,12,15,ca607d59,2.0809248554913293,0.6936416184971098,0.8670520231213873
Amadou Onana,MF,Aston Villa,19.5,0,19,30,828657ff,0.0,0.9743589743589743,1.5384615384615385
William Osula,FW,Newcastle,9.1,3,1,5,7b355808,0.32967032967032966,0.10989010989010989,0.5494505494505495
Dango Ouattara,MF,Brentford,25.3,107,24,14,2f9e4435,4.229249011857707,0.9486166007905138,0.5533596837944664
Pablo,MFFW,West Ham,9.1,5,5,14,866ba412,0.5494505494505495,0.5494505494505495,1.5384615384615385
João Palhinha,MF,Tottenham,24.4,4,28,61,a78ff07f,0.1639344262295082,1.1475409836065575,2.5
Cole Palmer,MF,Chelsea,21.7,35,13,12,dc7f8a28,1.6129032258064517,0.599078341013825,0.5529953917050692
Lucas Paquetá,MFFW,West Ham,16.8,36,7,22,9b6f7fd5,2.142857142857143,0.41666666666666663,1.3095238095238095
Lucas Perri,GK,Leeds United,16.0,0,0,0,5dbd461a,0.0,0.0,0.0
Đorđe Petrović,GK,Bournemouth,38.0,0,0,0,0cf321c8,0.0,0.0,0.0
Jordan Pickford,GK,Everton,38.0,0,0,1,4806ec67,0.0,0.0,0.02631578947368421
Yéremy Pino,MFFW,Crystal Palace,23.1,79,8,20,540ec57b,3.41991341991342,0.3463203463203463,0.8658008658008658
Nick Pope,GK,Newcastle,26.8,0,0,1,4b40d9ca,0.0,0.0,0.03731343283582089
Pedro Porro,DF,Tottenham,31.1,232,31,50,27d0a506,7.459807073954984,0.9967845659163986,1.607717041800643
Freddie Potts,MF,West Ham,13.0,34,16,18,86bf27f0,2.6153846153846154,1.2307692307692308,1.3846153846153846
Aaron Ramsdale,GK,Newcastle,11.2,0,0,0,466fb2c5,0.0,0.0,0.0
Jacob Ramsey,MF,Newcastle,16.1,8,9,21,1544f145,0.49689440993788814,0.5590062111801242,1.3043478260869563
David Raya,GK,Arsenal,37.0,1,1,1,98ea5115,0.02702702702702703,0.02702702702702703,0.02702702702702703
Rayan,MF,Bournemouth,12.3,24,8,6,288647fc,1.951219512195122,0.6504065040650406,0.4878048780487805
Tijjani Reijnders,MF,Manchester City,18.1,43,11,4,afb61630,2.3756906077348066,0.6077348066298343,0.22099447513812154
Chadi Riad,DF,Crystal Palace,6.1,6,4,5,b3b9b8b8,0.9836065573770493,0.6557377049180328,0.819672131147541
Declan Rice,MF,Arsenal,34.4,177,33,33,1c7012b8,5.145348837209302,0.9593023255813954,0.9593023255813954
Chris Richards,DF,Crystal Palace,31.4,14,43,35,0a3d6d2b,0.445859872611465,1.3694267515923568,1.1146496815286624
Richarlison,FWMF,Tottenham,21.8,18,7,16,fa031b34,0.8256880733944953,0.3211009174311926,0.7339449541284403
Chris Rigg,MF,Sunderland,8.5,11,4,8,35741fe2,1.2941176470588236,0.47058823529411764,0.9411764705882353
Andy Robertson,DF,Liverpool,13.1,53,7,10,2e4f5f03,4.0458015267175576,0.5343511450381679,0.7633587786259542
Antonee Robinson,DFMF,Fulham,16.6,77,28,31,289601e6,4.63855421686747,1.686746987951807,1.8674698795180722
Joe Rodon,DF,Leeds United,32.8,6,30,19,8d62d31a,0.1829268292682927,0.9146341463414634,0.5792682926829269
Rodri,MF,Manchester City,16.8,5,12,25,6434f10d,0.2976190476190476,0.7142857142857143,1.4880952380952381
Robin Roefs,GK,Sunderland,35.0,0,0,0,349fa918,0.0,0.0,0.0
Morgan Rogers,MF,Aston Villa,36.4,51,13,23,2e5915f1,1.4010989010989012,0.35714285714285715,0.6318681318681318
Merlin Röhl,MF,Everton,7.6,5,4,13,1f2c7b55,0.6578947368421053,0.5263157894736842,1.7105263157894737
Cristian Romero,DF,Tottenham,20.8,1,31,30,a3d94a58,0.04807692307692307,1.4903846153846154,1.4423076923076923
Georginio Rutter,MFFW,Brighton,19.8,20,11,19,c64c01fc,1.0101010101010102,0.5555555555555556,0.9595959595959596
José Sá,GK,Wolves,23.0,0,0,0,903b6e8b,0.0,0.0,0.0
Noah Sadiki,MF,Sunderland,32.1,21,33,26,645481cc,0.6542056074766355,1.02803738317757,0.8099688473520249
Bukayo Saka,FWMF,Arsenal,24.7,122,16,19,bc7dc64d,4.939271255060729,0.6477732793522267,0.7692307692307693
Mohamed Salah,MF,Liverpool,23.8,117,3,12,e342ad68,4.915966386554621,0.12605042016806722,0.5042016806722689
William Saliba,DF,Arsenal,29.0,9,15,23,972aeb2a,0.3103448275862069,0.5172413793103449,0.7931034482758621
Robert Sánchez,GK,Chelsea,33.8,0,1,0,6a713852,0.0,0.02958579881656805,0.0
Jadon Sancho,MF,Aston Villa,9.7,23,2,2,dbf053da,2.3711340206185567,0.2061855670103093,0.2061855670103093
Ibrahim Sangaré,MF,Nottingham,23.1,8,22,32,bced0375,0.3463203463203463,0.9523809523809523,1.3852813852813852
Andrey Santos,MF,Chelsea,14.0,2,18,21,dd745366,0.14285714285714285,1.2857142857142858,1.5
Ismaila Sarr,MF,Crystal Palace,24.2,24,7,9,bfdb33aa,0.9917355371900827,0.2892561983471075,0.37190082644628103
Sávio,MF,Manchester City,9.3,40,5,5,fe6e7156,4.301075268817204,0.5376344086021505,0.5376344086021505
Nicolò Savona,DF,Nottingham,11.4,27,5,12,e041497d,2.3684210526315788,0.43859649122807015,1.0526315789473684
Oliver Scarles,DFMF,West Ham,7.3,35,13,19,242e5e6d,4.794520547945206,1.7808219178082192,2.6027397260273974
Kevin Schade,MFFW,Brentford,30.5,23,19,27,52afb588,0.7540983606557377,0.6229508196721312,0.8852459016393442
Fabian Schär,DF,Newcastle,12.1,4,16,9,c8aa95da,0.3305785123966942,1.322314049586777,0.7438016528925621
Alex Scott,MF,Bournemouth,31.7,88,35,38,104d0bb8,2.77602523659306,1.1041009463722398,1.1987381703470033
Matz Sels,GK,Nottingham,29.6,0,0,1,834b5c4c,0.0,0.0,0.03378378378378378
Antoine Semenyo,MFFW,Manchester City,15.5,21,6,11,efd2ec23,1.3548387096774193,0.3870967741935484,0.7096774193548387
Antoine Semenyo,MF,Bournemouth,20.0,28,6,20,efd2ec23,1.4,0.3,1.0
Marcos Senesi,DF,Bournemouth,36.5,28,50,34,35141f4c,0.7671232876712328,1.36986301369863,0.9315068493150684
Benjamin Šeško,FW,Manchester Utd,18.3,2,3,3,3260690c,0.1092896174863388,0.16393442622950818,0.16393442622950818
Ryan Sessegnon,DFMF,Fulham,20.3,55,23,29,6aa3e78b,2.70935960591133,1.1330049261083743,1.4285714285714286
Luke Shaw,DF,Manchester Utd,35.8,54,43,45,9c94165b,1.5083798882681565,1.2011173184357542,1.2569832402234637
Bernardo Silva,MF,Manchester City,31.9,72,21,28,3eb22ec9,2.2570532915360504,0.658307210031348,0.877742946708464
Xavi Simons,MFFW,Tottenham,19.5,51,15,20,da4d670f,2.6153846153846154,0.7692307692307693,1.0256410256410255
Adam Smith,DF,Bournemouth,12.0,13,10,12,20b104bc,1.0833333333333333,0.8333333333333334,1.0
Emile Smith Rowe,MF,Fulham,21.4,13,22,22,17695062,0.6074766355140188,1.0280373831775702,1.0280373831775702
Dominic Solanke,FW,Tottenham,11.1,2,3,16,e77dc3b2,0.1801801801801802,0.2702702702702703,1.4414414414414416
Tomáš Souček,MF,West Ham,24.4,14,16,23,6613c819,0.5737704918032788,0.6557377049180328,0.9426229508196722
Djed Spence,DFMF,Tottenham,22.8,49,15,25,9bc9a519,2.1491228070175437,0.6578947368421052,1.0964912280701753
Anton Stach,MF,Leeds United,26.3,155,19,35,0f59a7bf,5.893536121673003,0.7224334600760456,1.3307984790874525
Jørgen Strand Larsen,FW,Wolves,15.6,3,3,2,f553b2b3,0.19230769230769232,0.19230769230769232,0.12820512820512822
Jørgen Strand Larsen,FW,Crystal Palace,10.0,0,1,0,f553b2b3,0.0,0.1,0.0
Pascal Struijk,DF,Leeds United,32.6,2,32,22,f4d296e4,0.06134969325153374,0.9815950920245399,0.6748466257668712
Crysencio Summerville,MFFW,West Ham,27.4,59,15,26,df04eb4b,2.153284671532847,0.5474452554744526,0.9489051094890512
Dominik Szoboszlai,MFDF,Liverpool,35.9,206,29,32,934e1968,5.73816155988858,0.807799442896936,0.8913649025069639
Chemsdine Talbi,MFFW,Sunderland,17.3,50,3,6,47ce793b,2.890173410404624,0.17341040462427745,0.3468208092485549
Ao Tanaka,MF,Leeds United,14.6,39,21,15,1d36d6b6,2.671232876712329,1.4383561643835616,1.0273972602739727
James Tarkowski,DF,Everton,37.0,7,29,30,15ea812b,0.1891891891891892,0.7837837837837838,0.8108108108108109
Marcus Tavernier,MF,Bournemouth,30.3,114,16,21,5c0da4a4,3.762376237623762,0.528052805280528,0.693069306930693
Loum Tchaouna,MFFW,Burnley,14.1,34,2,9,a3c8b4d3,2.4113475177304964,0.14184397163120568,0.6382978723404256
Jackson Tchatchoua,MFDF,Wolves,20.5,90,14,15,aeca7743,4.390243902439025,0.6829268292682927,0.7317073170731707
Mathys Tel,MFFW,Tottenham,15.0,92,5,12,829aa60c,6.133333333333334,0.3333333333333333,0.8
Kenny Tete,DF,Fulham,19.9,34,26,38,77d7c96f,1.7085427135678393,1.306532663316583,1.9095477386934674
Igor Thiago,FW,Brentford,36.5,19,12,21,dc45ac24,0.5205479452054794,0.3287671232876712,0.5753424657534246
Malick Thiaw,DF,Newcastle,32.9,9,30,34,ff5ea0bf,0.27355623100303955,0.9118541033434651,1.033434650455927
Youri Tielemans,MF,Aston Villa,20.7,45,16,39,56f7a928,2.1739130434782608,0.7729468599033816,1.884057971014493
Jurriën Timber,DF,Arsenal,27.3,46,24,35,41034650,1.684981684981685,0.8791208791208791,1.282051282051282
Jean-Clair Todibo,DF,West Ham,20.2,2,16,24,88f130ed,0.09900990099009901,0.7920792079207921,1.188118811881188
Sandro Tonali,MF,Newcastle,28.2,95,28,25,0db169ae,3.368794326241135,0.9929078014184397,0.8865248226950355
Pau Torres,DF,Aston Villa,18.6,4,11,14,532e1e4f,0.2150537634408602,0.5913978494623655,0.7526881720430108
Bertrand Traoré,MFFW,Sunderland,7.0,13,2,4,c47541e0,1.8571428571428572,0.2857142857142857,0.5714285714285714
Kieran Trippier,DF,Newcastle,17.6,96,7,13,21512407,5.454545454545454,0.3977272727272727,0.7386363636363635
Leandro Trossard,FWMF,Arsenal,22.2,58,9,15,38ceb24a,2.6126126126126126,0.40540540540540543,0.6756756756756757
Adrien Truffert,DF,Bournemouth,37.5,142,43,51,5d0e0a1f,3.7866666666666666,1.1466666666666667,1.36
Axel Tuanzebe,DF,Burnley,13.3,1,12,8,2baec6ce,0.07518796992481203,0.9022556390977443,0.6015037593984962
Destiny Udogie,DFMF,Tottenham,14.9,27,7,20,7cd520e8,1.8120805369127517,0.4697986577181208,1.342281879194631
Manuel Ugarte,MF,Manchester Utd,9.9,1,20,30,c9817014,0.10101010101010101,2.0202020202020203,3.0303030303030303
Lesley Ugochukwu,MF,Burnley,26.0,7,17,26,1df4a109,0.2692307692307692,0.6538461538461539,1.0
Virgil van Dijk,DF,Liverpool,38.0,1,26,15,e06683ca,0.02631578947368421,0.6842105263157895,0.39473684210526316
Joël Veltman,DF,Brighton,11.8,18,19,17,dad4b285,1.5254237288135593,1.6101694915254237,1.4406779661016949
Micky van de Ven,DF,Tottenham,33.8,3,21,20,8fe2a392,0.08875739644970415,0.6213017751479291,0.591715976331361
Bart Verbruggen,GK,Brighton,38.0,0,0,1,cf134113,0.0,0.0,0.02631578947368421
Guglielmo Vicario,GK,Tottenham,31.0,0,0,1,77d6fd4d,0.0,0.0,0.03225806451612903
Kyle Walker,DFMF,Burnley,34.4,37,43,32,86dd77d1,1.0755813953488373,1.25,0.9302325581395349
Kyle Walker-Peters,DF,West Ham,15.4,20,9,30,984a5a64,1.2987012987012987,0.5844155844155844,1.948051948051948
Aaron Wan-Bissaka,DFMF,West Ham,23.1,43,41,24,9e525177,1.8614718614718613,1.7748917748917747,1.0389610389610389
James Ward-Prowse,MF,Burnley,7.6,52,15,4,3515d404,6.842105263157895,1.973684210526316,0.5263157894736842
Ollie Watkins,FW,Aston Villa,31.5,7,5,14,aed3a70f,0.2222222222222222,0.15873015873015872,0.4444444444444444
Danny Welbeck,FW,Brighton,25.1,3,8,14,ce5143da,0.1195219123505976,0.3187250996015936,0.5577689243027888
Adam Wharton,MF,Crystal Palace,28.4,86,27,36,4b542852,3.028169014084507,0.9507042253521127,1.267605633802817
Ben White,DF,Arsenal,7.8,16,9,9,35e413f1,2.0512820512820515,1.153846153846154,1.153846153846154
Mats Wieffer,DF,Brighton,21.1,17,24,43,4876c9ab,0.8056872037914692,1.1374407582938388,2.037914691943128
Neco Williams,DF,Nottingham,35.6,143,46,61,dd323728,4.01685393258427,1.2921348314606742,1.7134831460674156
Estêvão Willian,MF,Chelsea,9.4,16,4,6,2eda11b1,1.702127659574468,0.425531914893617,0.6382978723404255
Joe Willock,MF,Newcastle,10.9,16,7,15,a3b03921,1.4678899082568806,0.6422018348623852,1.3761467889908257
Callum Wilson,FW,West Ham,13.9,5,3,2,c596fcb0,0.3597122302158273,0.2158273381294964,0.14388489208633093
Harry Wilson,MF,Fulham,29.7,115,16,19,c6dc9ecd,3.872053872053872,0.5387205387205387,0.6397306397306397
Florian Wirtz,MF,Liverpool,26.4,32,12,26,e7fcf289,1.2121212121212122,0.4545454545454546,0.9848484848484849
Yoane Wissa,FW,Newcastle,5.9,1,0,5,2500cef9,0.1694915254237288,0.0,0.847457627118644
Nick Woltemade,FWMF,Newcastle,21.1,3,5,13,7ca196eb,0.14218009478672985,0.23696682464454974,0.6161137440758293
Chris Wood,FW,Nottingham,10.0,1,1,1,4e9a0555,0.1,0.1,0.1
Joe Worrall,DF,Burnley,5.6,0,6,2,a5212312,0.0,1.0714285714285714,0.35714285714285715
Granit Xhaka,MF,Sunderland,32.3,99,29,33,e61b8aee,3.0650154798761613,0.8978328173374613,1.021671826625387
Yehor Yarmoliuk,MF,Brentford,29.5,30,28,46,907a5d7c,1.0169491525423728,0.9491525423728814,1.5593220338983051
Ryan Yates,MF,Nottingham,6.9,5,9,10,c1fe2a48,0.7246376811594203,1.3043478260869565,1.4492753623188406
Leny Yoro,DF,Manchester Utd,19.3,3,31,20,6763f716,0.15544041450777202,1.6062176165803108,1.0362694300518134
Joshua Zirkzee,FWMF,Manchester Utd,7.0,5,1,6,028e70b9,0.7142857142857143,0.14285714285714285,0.8571428571428571
Martín Zubimendi,MF,Arsenal,33.2,13,39,39,3ee0dd59,0.39156626506024095,1.1746987951807228,1.1746987951807228
Martin Ødegaard,MF,Arsenal,15.2,22,7,9,79300479,1.4473684210526316,0.46052631578947373,0.5921052631578948
